Workbook

Sheet PRODUCTIVIDAD
A1: RESUMEN DE PRODUCTIVIDAD | CREMINOX
A3: Fecha inicial de filtrado: | B3: 2026-04-07
A4: Fecha final de filtrado: | B4: 2026-04-07
A5: Buscar | B5: Todos los equipos - L2
A7: ID RECETA | B7: RECETA | C7: CANTIDAD CICLOS | D7: CANTIDAD TORRES | E7: TIEMPO UTIL [HH:MM:SS] | F7: PESO TOTAL [KG] | G7: Kilos por hora producidos [kg/h]
A8: 2 | B8: RECETA_02 | C8: =COUNTIF('LISTA CICLOS'!$B$8:$B$27,B8) -> 4 | D8: =SUMIF('LISTA CICLOS'!$B$8:$B$27,B8,'LISTA CICLOS'!$G$8:$G$27) -> 4 | E8: =SUMIF('LISTA CICLOS'!$B$8:$B$27,B8,'LISTA CICLOS'!$K$8:$K$27) -> 0.33680556 | F8: =SUMIF('LISTA CICLOS'!$B$8:$B$27,B8,'LISTA CICLOS'!$F$8:$F$27) -> 3746 | G8: =IF(E8=0,0,F8/(E8*24)) -> 463.42268
A9: 3 | B9: RECETA_03 | C9: =COUNTIF('LISTA CICLOS'!$B$8:$B$27,B9) -> 4 | D9: =SUMIF('LISTA CICLOS'!$B$8:$B$27,B9,'LISTA CICLOS'!$G$8:$G$27) -> 4 | E9: =SUMIF('LISTA CICLOS'!$B$8:$B$27,B9,'LISTA CICLOS'!$K$8:$K$27) -> 0.36319444 | F9: =SUMIF('LISTA CICLOS'!$B$8:$B$27,B9,'LISTA CICLOS'!$F$8:$F$27) -> 4088 | G9: =IF(E9=0,0,F9/(E9*24)) -> 468.98662
A10: 5 | B10: RECETA_05 | C10: =COUNTIF('LISTA CICLOS'!$B$8:$B$27,B10) -> 4 | D10: =SUMIF('LISTA CICLOS'!$B$8:$B$27,B10,'LISTA CICLOS'!$G$8:$G$27) -> 4 | E10: =SUMIF('LISTA CICLOS'!$B$8:$B$27,B10,'LISTA CICLOS'!$K$8:$K$27) -> 0.35486111 | F10: =SUMIF('LISTA CICLOS'!$B$8:$B$27,B10,'LISTA CICLOS'!$F$8:$F$27) -> 3920 | G10: =IF(E10=0,0,F10/(E10*24)) -> 460.27397
A11: 6 | B11: RECETA_06 | C11: =COUNTIF('LISTA CICLOS'!$B$8:$B$27,B11) -> 4 | D11: =SUMIF('LISTA CICLOS'!$B$8:$B$27,B11,'LISTA CICLOS'!$G$8:$G$27) -> 4 | E11: =SUMIF('LISTA CICLOS'!$B$8:$B$27,B11,'LISTA CICLOS'!$K$8:$K$27) -> 0.24444444 | F11: =SUMIF('LISTA CICLOS'!$B$8:$B$27,B11,'LISTA CICLOS'!$F$8:$F$27) -> 3904 | G11: =IF(E11=0,0,F11/(E11*24)) -> 665.45455
A12: 7 | B12: RECETA_07 | C12: =COUNTIF('LISTA CICLOS'!$B$8:$B$27,B12) -> 4 | D12: =SUMIF('LISTA CICLOS'!$B$8:$B$27,B12,'LISTA CICLOS'!$G$8:$G$27) -> 4 | E12: =SUMIF('LISTA CICLOS'!$B$8:$B$27,B12,'LISTA CICLOS'!$K$8:$K$27) -> 0.37430556 | F12: =SUMIF('LISTA CICLOS'!$B$8:$B$27,B12,'LISTA CICLOS'!$F$8:$F$27) -> 3938 | G12: =IF(E12=0,0,F12/(E12*24)) -> 438.36735
A13: TOTALES | C13: =SUM(C8:C12) -> 20 | D13: =SUM(D8:D12) -> 20 | E13: =SUM(E8:E12) -> 1.6736111 | F13: =SUM(F8:F12) -> 19596 | G13: =IF(E13=0,0,F13/(E13*24)) -> 487.86722

Sheet LISTA CICLOS
A1: LISTA DE CICLOS DEL PERÍODO
A3: Fecha inicial de filtrado: | B3: 2026-04-07 | E3: ESTADOS | F3: CANTIDAD CICLOS | G3: CANTIDAD TORRES | H3: TOTAL [KG]
A4: Fecha final de filtrado: | B4: 2026-04-07 | E4: FINALIZADOS | F4: =COUNTIF($H$8:$H$27,"FINALIZADO") -> 20 | G4: =SUMIF($H$8:$H$27,"FINALIZADO",$G$8:$G$27) -> 20 | H4: =SUMIF($H$8:$H$27,"FINALIZADO",$F$8:$F$27) -> 19596
A5: Buscar | B5: Todos los equipos - L2 | E5: CANCELADOS | F5: =COUNTIF($H$8:$H$27,"CANCELADO") -> 0 | G5: =SUMIF($H$8:$H$27,"CANCELADO",$G$8:$G$27) -> 0 | H5: =SUMIF($H$8:$H$27,"CANCELADO",$F$8:$F$27) -> 0
A7: ID CICLO | B7: RECETA | C7: EQUIPO | D7: LINEA | E7: LOTE | F7: PESO [KG] | G7: CANTIDAD TORRES | H7: ESTADO | I7: INICIO [AAAA-MM-DD HH:MM:SS] | J7: FIN [AAAA-MM-DD HH:MM:SS] | K7: TIEMPO TRANSCURRIDO [HH:MM:SS]
A8: 1531 | B8: RECETA_02 | C8: Cocina 2-L2 | D8: L2 | E8: COC-02-C2201 | F8: 932 | G8: 1 | H8: FINALIZADO | I8: 46119.236 | J8: 46119.304 | K8: =J8-I8 -> 0.068055556
A9: 1545 | B9: RECETA_03 | C9: Cocina 2-L2 | D9: L2 | E9: COC-02-C2202 | F9: 1018 | G9: 1 | H9: FINALIZADO | I9: 46119.288 | J9: 46119.36 | K9: =J9-I9 -> 0.072222222
A10: 2531 | B10: RECETA_02 | C10: Enfriador 3-L2 | D10: L2 | E10: COC-02-C2201 | F10: 932 | G10: 1 | H10: FINALIZADO | I10: 46119.319 | J10: 46119.42 | K10: =J10-I10 -> 0.10138889
A11: 1562 | B11: RECETA_05 | C11: Cocina 2-L2 | D11: L2 | E11: COC-02-C2203 | F11: 987 | G11: 1 | H11: FINALIZADO | I11: 46119.337 | J11: 46119.408 | K11: =J11-I11 -> 0.071527778
A12: 2545 | B12: RECETA_03 | C12: Enfriador 4-L2 | D12: L2 | E12: COC-02-C2202 | F12: 1018 | G12: 1 | H12: FINALIZADO | I12: 46119.38 | J12: 46119.489 | K12: =J12-I12 -> 0.10902778
A13: 1580 | B13: RECETA_06 | C13: Cocina 2-L2 | D13: L2 | E13: COC-02-C2204 | F13: 954 | G13: 1 | H13: FINALIZADO | I13: 46119.389 | J13: 46119.458 | K13: =J13-I13 -> 0.069444444
A14: 2562 | B14: RECETA_05 | C14: Enfriador 1-L2 | D14: L2 | E14: COC-02-C2203 | F14: 987 | G14: 1 | H14: FINALIZADO | I14: 46119.425 | J14: 46119.526 | K14: =J14-I14 -> 0.10138889
A15: 1598 | B15: RECETA_07 | C15: Cocina 2-L2 | D15: L2 | E15: COC-02-C2205 | F15: 1009 | G15: 1 | H15: FINALIZADO | I15: 46119.448 | J15: 46119.522 | K15: =J15-I15 -> 0.073611111
A16: 2580 | B16: RECETA_06 | C16: Enfriador 4-L2 | D16: L2 | E16: COC-02-C2204 | F16: 954 | G16: 1 | H16: FINALIZADO | I16: 46119.472 | J16: 46119.574 | K16: =J16-I16 -> 0.10277778
A17: 1615 | B17: RECETA_02 | C17: Cocina 2-L2 | D17: L2 | E17: COC-02-C2206 | F17: 941 | G17: 1 | H17: FINALIZADO | I17: 46119.503 | J17: 46119.57 | K17: =J17-I17 -> 0.066666667
A18: 2598 | B18: RECETA_07 | C18: Enfriador 3-L2 | D18: L2 | E18: COC-02-C2205 | F18: 1009 | G18: 1 | H18: FINALIZADO | I18: 46119.546 | J18: 46119.664 | K18: =J18-I18 -> 0.11805556
A19: 1634 | B19: RECETA_03 | C19: Cocina 2-L2 | D19: L2 | E19: COC-02-C2207 | F19: 1026 | G19: 1 | H19: FINALIZADO | I19: 46119.556 | J19: 46119.63 | K19: =J19-I19 -> 0.074305556
... A25: 1684 | B25: RECETA_07 | C25: Cocina 2-L2 | D25: L2 | E25: COC-02-C2210 | F25: 960 | G25: 1 | H25: FINALIZADO | I25: 46119.726 | J25: 46119.799 | K25: =J25-I25 -> 0.073611111
A26: 2668 | B26: RECETA_06 | C26: Enfriador 1-L2 | D26: L2 | E26: COC-02-C2209 | F26: 998 | G26: 1 | H26: FINALIZADO | I26: 46119.755 | J26: 46119.861 | K26: =E5=J26-I26 -> FALSE
A27: 2684 | B27: RECETA_07 | C27: Enfriador 4-L2 | D27: L2 | E27: COC-02-C2210 | F27: 960 | G27: 1 | H27: FINALIZADO | I27: 46119.82 | J27: 46119.929 | K27: =J27-I27 -> 0.10902778

Sheet LOTE
A1: TRAZABILIDAD DE LOTES | COCINA + ENFRIADO
A3: Fecha inicial de filtrado: | B3: 2026-04-07
A4: Fecha final de filtrado: | B4: 2026-04-07
A5: Buscar | B5: Todos los equipos - L2
A7: LOTE | B7: RECETA | C7: COCINA | D7: ENFRIADOR | E7: INICIO | F7: FIN | G7: CANTIDAD TORRES | H7: PESO | I7: TIEMPO TRANSCURRIDO | J7: TIEMPO MUERTO | K7: TIEMPO UTIL
A8: COC-02-C2201 | B8: RECETA_02 | C8: Cocina 2 -L2 | D8: Enfriador 3 -L2 | E8: 46119.236 | F8: 46119.42 | G8: 1 | H8: 932 | I8: =F8-E8 -> 0.18402778 | J8: 0.014583333 | K8: =I8-J8 -> 0.16944444
A9: COC-02-C2202 | B9: RECETA_03 | C9: Cocina 2 -L2 | D9: Enfriador 4 -L2 | E9: 46119.288 | F9: 46119.489 | G9: 1 | H9: 1018 | I9: =F9-E9 -> 0.20069444 | J9: 0.019444444 | K9: =I9-J9 -> 0.18125
A10: COC-02-C2203 | B10: RECETA_05 | C10: Cocina 2 -L2 | D10: Enfriador 1 -L2 | E10: 46119.337 | F10: 46119.526 | G10: 1 | H10: 987 | I10: =F10-E10 -> 0.18958333 | J10: 0.016666667 | K10: =I10-J10 -> 0.17291667
A11: COC-02-C2204 | B11: RECETA_06 | C11: Cocina 2 -L2 | D11: Enfriador 4 -L2 | E11: 46119.389 | F11: 46119.574 | G11: 1 | H11: 954 | I11: =F11-E11 -> 0.18541667 | J11: 0.013194444 | K11: =I11-J11 -> 0.17222222
A12: COC-02-C2205 | B12: RECETA_07 | C12: Cocina 2 -L2 | D12: Enfriador 3 -L2 | E12: 46119.448 | F12: 46119.664 | G12: 1 | H12: 1009 | I12: =F12-E12 -> 0.21597222 | J12: 0.024305556 | K12: =I12-J12 -> 0.19166667
A13: COC-02-C2206 | B13: RECETA_02 | C13: Cocina 2 -L2 | D13: Enfriador 1 -L2 | E13: 46119.503 | F13: 46119.683 | G13: 1 | H13: 941 | I13: =F13-E13 -> 0.17916667 | J13: 0.011805556 | K13: =I13-J13 -> 0.16736111
A14: COC-02-C2207 | B14: RECETA_03 | C14: Cocina 2 -L2 | D14: Enfriador 4 -L2 | E14: 46119.556 | F14: 46119.756 | G14: 1 | H14: 1026 | I14: =F14-E14 -> 0.2 | J14: 0.018055556 | K14: =I14-J14 -> 0.18194444
A15: COC-02-C2208 | B15: RECETA_05 | C15: Cocina 2 -L2 | D15: Enfriador 3 -L2 | E15: 46119.615 | F15: 46119.812 | G15: 1 | H15: 973 | I15: =F15-E15 -> 0.19722222 | J15: 0.015277778 | K15: =I15-J15 -> 0.18194444
A16: COC-02-C2209 | B16: RECETA_06 | C16: Cocina 2 -L2 | D16: Enfriador 1 -L2 | E16: 46119.67 | F16: 46119.861 | G16: 1 | H16: 998 | I16: =F16-E16 -> 0.19097222 | J16: 0.0125 | K16: =I16-J16 -> 0.17847222
A17: COC-02-C2210 | B17: RECETA_07 | C17: Cocina 2 -L2 | D17: Enfriador 4 -L2 | E17: 46119.726 | F17: 46119.929 | G17: 1 | H17: 960 | I17: =F17-E17 -> 0.20347222 | J17: 0.020833333 | K17: =I17-J17 -> 0.18263889
